Temperature,Dissolved Oxygen,pH,Bio-Chemical Oxygen Demand (mg/L),Faecal Streptococci (MPN/ 100 mL),Nitrate (mg/ L),Faecal Coliform (MPN/ 100 mL),Total Coliform (MPN/ 100 mL),Conductivity (mho/ Cm),WQI
7.5,9.95,7.85,0.15,90.0,0.2271355725837472,3.1570004211501135,5.198497031265826,4.908971640319756,27.1439627
11.0,9.65,7.7,0.45,205.0,0.18232155679395465,4.151039905898646,6.018593214496234,4.356708826689592,15.78000142
7.5,9.9,7.65,0.55,100.0,0.09531017980432487,3.295836866004329,5.303304908059076,4.629862798578463,20.61243849
8.5,9.65,7.55,0.35,300.0,0.22314355131420976,4.590056548178043,6.398594934535208,5.003946305945459,29.82047541
10.0,9.55,7.8,0.25,190.0,0.1397619423751587,3.8815637979434374,5.942799375126701,4.672828834461906,21.4985693
11.0,9.45,7.75,0.85,222.5,0.262364264467491,4.219507705176107,6.100318952020064,4.590056548178043,19.85719022
9.5,9.55,7.9,0.5,285.0,0.178146185383474,4.324132656254979,6.3473892096560105,5.320567975482857,40.80496483
10.5,9.85,7.7,0.25,145.0,0.10885440491208209,4.110873864173311,5.673323267171493,4.56954300834494,19.4269714
14.5,9.8,7.95,0.25,112.5,0.09531017980432487,3.3141860046725258,5.420534999272286,4.605170185988092,20.12740793
16.5,9.25,7.65,0.25,147.5,0.1397619423751587,4.204692619390966,5.69035945432406,4.722953221644475,22.591965
19.0,8.9,8.2,0.25,120.0,0.11332868530700317,3.6506582412937387,5.484796933490655,5.093750200806762,32.58445704
14.5,8.65,8.05,0.15,100.0,0.1397619423751587,3.1354942159291497,5.303304908059076,4.762173934797756,23.46003155
16.0,9.65,8.05,0.4,485.0,0.3852624007906449,5.2548878086207,6.878326468291325,5.099866427824199,32.85586861
12.25,9.75,8.0,0.3,52.25,0.6418538861723948,1.6094379124341003,4.658710952916121,5.461710913456472,46.99696266
11.25,9.65,7.8,0.3,49.25,0.6626879730752367,1.6094379124341003,4.600157644164547,5.334649295795427,41.43189217
14.25,10.25,7.7,0.25,52.5,0.5306282510621704,1.6193882432872684,4.663439094112067,5.523458920524919,49.9543681
13.75,8.85,7.54,0.25,59.5,0.5187937934151675,1.6094379124341003,4.787491742782046,5.020585624949423,30.32503834
12.65,8.7,7.625,0.3,54.5,0.521765563804325,3.091042453358316,4.700480365792417,5.3981627015177525,44.07282563
16.55,8.2,7.9,0.2,20.25,0.262364264467491,1.0986122886681098,3.7256934272366524,5.358941988364472,42.35104235
17.0,8.2,8.1,0.15,24.0,0.4382549309311553,1.3862943611198906,3.8918202981106265,5.382198850528739,43.36769579
16.1,8.05,7.9,0.2,47.5,0.37156355643248307,1.6094379124341003,4.564348191467836,5.384495062789089,43.44803537
17.55,8.65,7.6,0.2,52.25,0.4700036292457356,1.7047480922384253,4.658710952916121,5.517452896464707,49.606431
11.5,9.65,7.75,0.2,142.5,0.262364264467491,3.979681653901961,5.655991810819852,4.483002552013883,17.85655392
21.1,8.7,8.0,0.0,1.0,0.4054651081081644,1.0986122886681098,1.0986122886681098,5.3706380281276624,42.88327649
26.0,8.9,8.0,0.0,6500.0,0.4054651081081644,7.601402334583733,9.472781556562168,5.375278407684165,43.4338253
20.0,7.75,7.6,1.05,41.0,0.22314355131420976,3.676300671907076,4.418840607796598,5.3471075307174685,41.88003135
21.5,8.15,7.85,1.2,89.75,0.3001045924503381,4.471638793363569,5.195730777772936,5.53338948872752,50.42990031
21.5,8.2,7.7,1.2,60.0,0.22314355131420976,4.23410650459726,4.795790545596741,5.564520407322694,51.99759477
21.0,7.95,8.0,1.35,240.0,0.4382549309311553,5.680172609017068,6.175867270105761,5.545177444479562,51.0764992
20.5,7.6,7.75,1.55,337.5,0.5306282510621704,5.929589143389895,6.516193076042964,5.6222108209623896,55.14885741
20.0,7.9,7.55,1.35,217.5,0.5007752879124893,5.707110264748875,6.077642243349034,5.69035945432406,58.98332696
20.5,8.3,7.75,1.3,277.5,0.4382549309311553,5.8805329864007,6.320768294250582,5.54907608489522,51.28418977
20.0,7.8,7.8,1.3,210.0,0.5877866649021191,5.3981627015177525,6.042632833682381,5.543222409643759,50.97599825
19.5,8.3,7.7,1.2,187.5,0.37156355643248307,5.153291594497779,5.929589143389895,5.537334267018537,50.64576214
23.0,8.15,7.7,1.2,187.5,0.5306282510621704,5.442417710521793,5.929589143389895,5.568344503761097,52.26402829
9.5,8.85,7.9,0.9,411.5,0.5596157879354227,4.041295341132285,6.714170529909472,7.204892510204673,266.6444468
9.5,8.4,7.6,0.55,409.75,0.5596157879354227,3.0633909220278057,6.709913910530146,7.200797957676014,265.5162229
11.25,8.6,7.55,0.6,423.5,0.5794184152316023,4.671893818030999,6.742880635791903,7.186901020411631,261.8833697
11.25,8.7,7.6,0.95,452.5,0.5766133643039938,3.8897773964808264,6.80903930604298,7.165879799191592,256.4534562
12.0,8.65,7.75,0.95,430.0,0.6259384308664953,3.6082115510464816,6.7580945044277305,7.108244139731541,242.1234217
11.5,8.5,7.9,0.65,70.45,0.5306282510621704,3.4011973816621555,4.955122584165997,7.194061405253987,263.7501467
11.5,8.5,7.7,0.7,177.5,0.5596157879354227,3.8918202981106265,5.87493073085203,7.183870715062453,261.0846822
17.0,9.85,8.2,0.1,97.5,0.1484200051182733,3.1780538303479458,5.278114659230517,7.069023426578259,232.7794135
16.0,9.8,7.85,0.45,125.0,0.2271355725837472,3.1354942159291497,5.5254529391317835,6.523562306149512,135.0744788
12.0,7.65,7.85,0.25,42.95,0.4574248470388754,3.0155349008501706,4.464758032271346,7.21927594091376,270.4221597
19.75,9.05,8.3,0.25,112.5,0.09531017980432487,3.349904087274605,5.420534999272286,5.634789603169249,55.73279407
20.0,9.7,8.3,0.25,130.0,0.1397619423751587,3.58351893845611,5.564520407322694,4.973279507552487,28.95514187
10.35,8.7,7.9,0.7,81.5,0.4382549309311553,3.2771447329921766,5.099866427824199,6.62472901806655,149.4100527
10.35,8.75,7.65,0.6,108.5,0.4382549309311553,3.4965075614664802,5.384495062789089,6.61472560020376,147.918346
17.5,8.45,7.85,0.0,392.5,1.410986973710262,5.4638318050256105,6.666956792429207,5.998936561946683,80.32884309
18.0,8.4,7.65,0.0,245.0,1.1151415906193203,4.959341999708705,6.19644412779452,5.718671087149952,60.72754744
18.0,8.4,7.7,0.0,227.5,1.6956156086751528,4.840242308167575,6.1224928095143865,5.465948207931988,47.49825901
19.0,8.5,7.7,1.0,305.0,1.9947003132247452,5.418320158942733,6.415096959171596,5.676753802268282,58.71409555
19.0,8.1,7.8,1.3,367.5,0.7884573603642702,5.879135362134062,6.601230118728877,5.564520407322694,52.12827035
18.0,5.2,8.0,3.5,0.0,0.0,0.0,0.0,6.0063531596017325,80.65530859
18.0,6.45,8.25,5.1,0.0,0.5007752879124893,0.0,0.0,6.042632833682381,83.7904557
20.5,6.8,8.15,2.75,0.0,0.18232155679395465,0.0,0.0,5.583496308781699,53.00542019
11.0,8.5,7.6,0.2,0.0,0.0,0.0,0.0,5.081404364984463,32.12328853
11.0,8.7,7.65,0.15,0.0,0.0,0.0,0.0,5.075173815233827,31.9303865
11.0,8.8,7.5,0.2,0.0,0.0,0.0,0.0,5.059425458265688,31.4368034
11.0,8.1,7.75,1.0,0.0,0.0,0.0,0.0,4.66814498514948,21.36861159
19.0,6.4,7.35,6.85,0.0,0.7654678421395714,0.0,0.0,6.398594934535208,119.4908923
20.5,7.1,8.05,0.95,0.0,0.0,0.0,0.0,5.697093486505405,59.24824206
6.15,9.05,7.75,0.8,0.0,0.0,0.0,0.0,4.948759890378168,28.19991171
6.25,9.0,7.7,0.9,0.0,0.0,0.0,0.0,5.111987788356544,33.14664087
6.0,9.05,7.5,1.05,0.0,0.0,0.0,0.0,4.966335035199676,28.69777674
8.4,8.9,7.9,0.85,0.0,0.0,0.0,0.0,4.890349128221754,26.62460044
8.75,8.8,7.7,1.1,0.0,0.0,0.0,0.0,4.894101477840304,26.72654007
10.7,7.85,7.95,0.85,0.0,0.0,0.0,0.0,5.62040086571715,54.88771498
10.75,8.0,7.9,1.1,0.0,0.0,0.0,0.0,5.757323241584231,62.91211418
12.65,9.05,7.65,0.95,0.0,0.0,0.0,0.0,5.444579873526289,46.12013687
13.05,8.3,7.55,1.35,0.0,0.0,0.0,0.0,5.4638318050256105,47.00388749
12.7,8.75,7.5,0.85,0.0,0.0,0.0,0.0,5.3612921657094255,42.4443376
17.95,8.15,7.9,0.55,0.0,0.09531017980432487,0.0,0.0,5.523458920524919,49.86496502
18.1,7.9,8.1,0.75,0.0,0.09531017980432487,0.0,0.0,5.531411248715415,50.26739165
23.0,6.1,8.1,6.9,0.0,0.37156355643248307,0.0,0.0,6.4457198193855785,125.1851635
22.0,7.05,8.2,1.8,0.0,0.262364264467491,0.0,0.0,5.575949103146316,52.5918607
20.5,4.3,8.35,4.7,0.0,0.262364264467491,0.0,0.0,6.13880638500591,92.09607813
20.5,7.8,8.4,1.3,0.0,0.4382549309311553,0.0,0.0,5.5073619934827445,49.1557458
21.0,7.25,8.3,1.15,0.0,0.18232155679395465,0.0,0.0,5.605802066295998,54.14413883
19.8,4.4,7.8,36.8,411.75,1.1631508098056809,6.1516682986483175,6.714777141999654,6.775366090936392,175.2479749
21.0,8.35,7.8,1.4,630.0,1.8870696490323797,5.991464547107982,7.13966033596492,5.82600010738045,67.98878969
15.0,6.95,7.8,0.2,27.95,0.5596157879354227,1.4816045409242156,4.041295341132285,5.806639860095909,66.08791313
15.0,6.95,7.7,0.25,35.45,0.6418538861723948,3.462606009790799,4.275276264727001,6.826002777109878,182.6119173
16.25,7.0,7.65,0.2,30.45,0.6151856390902334,1.589235205116581,4.12552017969055,5.782285536144145,64.51526296
16.0,6.7,7.55,0.2,32.95,0.4700036292457356,1.599387576580599,4.203198967134183,5.8126368795682835,66.45844787
15.5,6.9,7.6,0.2,35.45,0.4382549309311553,1.589235205116581,4.275276264727001,5.872117789475416,70.51457833
16.25,6.85,7.6,0.2,37.95,0.4700036292457356,1.599387576580599,4.3425058765115985,5.70877001616724,59.93709124
17.5,7.05,7.95,0.3,56.0,0.6151856390902334,1.6094379124341003,4.727387818712341,6.208590026096629,98.65303383
15.0,6.85,8.05,0.3,45.45,0.6151856390902334,3.4547381485901854,4.520701029361642,7.794205168845271,480.3107947
12.5,9.2,7.85,0.7,405.25,0.7884573603642702,2.302585092994046,6.698884386954646,7.771488760117616,469.6335288
12.5,9.05,7.9,1.25,94.0,0.8109302162163288,2.7013612129514133,5.241747015059643,7.984292359998389,580.9214901
12.0,8.85,7.9,2.45,141.5,0.8960880245566356,3.068052935133617,5.648974238161206,8.306472160100585,801.6342945
13.5,9.3,7.8,0.65,415.75,0.8544153281560676,3.1570004211501135,6.724433221854599,6.249009525139524,102.8237964
22.0,8.2,8.4,0.0,0.0,0.0,0.0,0.0,5.2574953720277815,38.28569366
22.0,8.2,8.4,0.0,0.0,0.0,0.0,0.0,5.241747015059643,37.69228166
21.5,7.8,7.95,0.0,0.0,0.0,0.0,0.0,4.762173934797756,23.42605138
16.0,8.5,8.1,0.2,0.0,0.0,0.0,0.0,4.787491742782046,24.0383712
22.0,8.6,8.35,0.1,85.0,0.0,3.1986731175506815,5.14166355650266,5.992713766508414,79.54591713
20.5,9.3,8.1,0.1,72.25,0.0,2.995732273553991,4.980176086611547,6.035481432524756,83.01634625
20.3,7.35,7.9,0.95,58.0,0.33647223662121295,2.772588722239781,4.762173934797756,5.6222108209623896,55.0377458
18.0,6.25,7.95,1.2,19.5,0.5877866649021191,2.302585092994046,3.6888794541139363,6.456769655572163,126.3571787
0.0,7.25,7.95,1.25,42.95,0.9162907318741551,2.6602595372658615,4.464758032271346,5.820082930352362,67.06925159
9.5,8.0,7.65,0.15,46.5,0.5007752879124893,2.4765384001174837,4.543294782270004,4.993828175779875,29.49669305
10.5,7.8,7.55,0.2,54.0,0.4700036292457356,3.0155349008501706,4.6913478822291435,5.1328529268205045,33.84120006
12.25,8.4,7.6,0.2,41.0,2.711377991194885,1.3862943611198906,4.418840607796598,6.508023702721733,134.2080506
12.5,8.35,7.75,0.2,39.0,0.5007752879124893,1.6094379124341003,4.3694478524670215,4.848116364598481,25.56123736
22.0,9.2,8.6,0.2,0.0,0.0,0.0,0.0,5.153291594497779,34.56915634
19.0,8.3,7.5,0.2,31.5,0.33647223662121295,1.0986122886681098,4.1588830833596715,5.220355825078324,36.91885784
19.0,8.1,7.2,0.3,35.0,0.4054651081081644,1.0986122886681098,4.2626798770413155,5.153291594497779,34.54506929
15.0,8.2,7.3,0.2,0.0,0.18232155679395465,0.0,0.0,5.43372200355424,45.58561532
18.0,7.25,7.7,1.55,88.0,1.6389967146756448,2.8903717578961645,5.176149732573829,7.523481312573497,366.8395198
18.0,6.5,7.7,3.1,630.0,1.6956156086751528,5.181783550292085,7.13966033596492,8.010027528481734,596.3896947
14.5,7.55,8.35,0.5,87.75,1.1939224684724346,2.5649493574615367,5.173320876373351,7.437206366871292,336.3772544
20.75,7.0,7.65,0.15,31.25,0.18232155679395465,1.3862943611198906,4.151039905898646,6.096950054953959,88.19995658
19.0,10.1,7.75,1.0,35.0,0.0,3.5263605246161616,4.2626798770413155,4.840242308167575,25.40520717
20.5,9.5,7.9,1.1,97.5,0.0,4.51085950651685,5.278114659230517,5.872117789475416,70.60694292
19.5,9.6,7.95,1.0,37.5,0.0,3.6635616461296463,4.330733340286331,4.9344739331306915,27.87086279
19.0,9.0,7.55,1.5,120.0,0.0,4.983606621708336,5.484796933490655,5.313205979041787,40.53860027
18.0,9.3,7.85,1.1,70.0,0.0,4.189654742026425,4.948759890378168,4.283586561860629,14.71055181
0.0,8.6,7.55,1.55,0.0,0.0,0.0,0.0,5.065754593317335,31.65983243
21.25,9.0,7.25,1.85,1010.0,0.4542552722775964,6.8679744089702925,7.611347717403621,5.354224998486333,42.41116878
21.0,9.4,7.05,1.35,760.0,0.4382549309311553,6.406879986069314,7.327123292259293,5.349485653122436,42.14178893
22.5,8.7,7.2,1.95,180.0,0.3852624007906449,5.278114659230517,5.8888779583328805,5.402677381872279,44.35737685
23.5,8.75,7.3,1.7,290.0,0.3611648492115844,5.707110264748875,6.364750756851911,5.429345628954441,45.55328488
21.5,8.95,7.35,1.75,557.5,0.4154154389613325,6.398594934535208,7.017506142941256,5.429345628954441,45.61101961
20.5,10.1,7.5,1.7,177.5,0.46058440732924394,5.3981627015177525,5.87493073085203,6.119197913617533,90.39352772
24.5,8.55,8.0,2.15,1100.0,0.0,6.747469149048794,7.696667081526462,5.402677381872279,44.4463526
24.0,8.5,8.15,2.9,1975.0,0.0,7.601402334583733,8.281723990411392,5.62040086571715,55.33546186
24.0,8.1,8.2,3.5,2450.0,0.0,7.824445930877619,8.497194544909547,5.648974238161206,57.00956125
24.0,8.35,8.35,3.35,2275.0,0.0,7.783640596221253,8.423102268016642,5.625820933186489,55.71279293
24.0,8.05,8.25,3.25,2425.0,0.0,7.844240718141811,8.486940148245216,5.6577385361547945,57.50092172
24.0,8.05,8.25,3.1,2025.0,0.0,7.8826922062890254,8.30671904320269,5.652489180268651,57.21038522
24.0,7.7,8.25,3.55,2900.0,0.0,8.086717920303906,8.665785595466064,5.705447753975262,60.37917248
24.0,7.0,8.0,4.5,22750.0,0.0,10.165890277802454,10.725489582719506,5.809642865355678,70.40799449
24.0,7.6,8.1,4.1,15250.0,0.0,9.592263871501313,10.32551474894327,5.725217755376266,63.34466957
22.0,8.8,8.3,3.45,1800.0,0.598836501088704,8.02322468471667,8.188966863648876,5.800606659291741,66.37649074
22.0,8.95,8.2,3.4,1775.0,0.5877866649021191,7.972810784121404,8.174984532943087,5.805134968916488,66.64852417
27.4,9.75,8.0,2.65,8350.0,0.8940451229268354,9.121618441915379,9.723223876851618,5.339939041238856,43.24397498
27.55,9.2,8.15,2.95,9500.0,0.9458495341156994,9.137877200242468,9.852246888342531,5.3471075307174685,43.58312865
27.7,9.15,8.1,2.7,8850.0,0.959350221334602,9.005895898094458,9.781376414141157,5.5626028611934215,53.38861996
27.75,9.35,7.95,2.35,7250.0,0.9242589015233319,8.740496729931813,9.581972891547895,5.568344503761097,53.37336961
24.25,8.2,8.3,2.65,1000.0,0.5247285289349821,6.957497370876951,7.601402334583733,6.018593214496234,81.94219374
24.4,7.55,8.35,3.6,8750.0,0.7275486072772778,9.105090961257085,9.770013301136158,6.066108090103747,87.18002609
24.25,7.85,5.35,3.35,5500.0,0.6652619770704097,8.77971129020447,9.305741456739435,6.052089168924417,85.51040771
25.75,8.6,8.25,2.5,1125.0,0.16551443847757338,7.00397413672268,7.719129840906732,6.0844994130751715,87.4489261
25.75,7.2,8.3,3.8,15000.0,0.24294617861038947,9.741027444837728,10.308985993422082,6.133398042996649,94.26292934
26.5,7.9,8.4,3.4,6250.0,0.20701416938432615,8.987321812850125,9.433563920090563,6.104793232414985,90.30943886
24.0,7.85,8.15,3.6,4400.0,0.0,8.25608813381491,9.082620630373812,5.739792912179234,62.55775108
26.25,7.15,8.4,3.8,13000.0,0.2507587183471831,9.546884034617925,10.165890277802454,6.1366465569524795,94.10673489
26.0,8.5,8.0,2.1,40575.0,0.178146185383474,9.56282655529346,11.304066895725715,5.945420608606575,78.3341139
26.0,3.35,7.65,37.5,40087.5,1.766441661243765,10.204480639047581,11.291979497199506,8.653645314551737,1140.014968
23.0,1.75,7.65,24.0,2435.0,2.4336133554004498,7.9287663216266955,8.491054533806542,6.90875477931522,200.4888404
23.0,2.2,7.55,26.5,1537.5,2.0149030205422647,6.634633357861686,8.031385330625534,7.073693356525568,235.4424219
23.5,3.05,8.05,19.2,535.0,1.864080130807681,6.134482053942907,6.976348070447749,6.943604931875834,206.5483019
28.5,6.5,7.85,11.5,40400.0,1.1631508098056809,10.73880681223516,11.299744620670225,7.013465733404251,227.8689238
0.0,8.6,7.3,1.0,8000.0,0.18232155679395465,8.594339400592892,9.680406499268875,6.063785208687608,86.20106093
19.0,2.6,7.5,27.5,800.0,0.0,0.0,7.3783837129967145,6.363028103540465,115.9831121
25.0,5.2,7.35,4.05,0.0,0.0,0.0,0.0,5.855071922202427,69.40261109
25.0,1.6,6.65,38.0,0.0,0.0,0.0,0.0,6.115892125483034,91.2534771
21.5,4.4,7.45,8.4,0.0,0.0,0.0,0.0,5.949339620807311,76.37790037
21.5,1.9,7.35,33.0,0.0,0.0,0.0,0.0,6.222576268071369,101.1540233
25.0,5.6,7.6,7.0,0.0,0.0,0.0,0.0,5.981414211254481,78.83886986
16.0,7.2,7.55,1.5,0.0,0.0,0.0,0.0,5.3981627015177525,44.01896463
25.0,4.6,7.3,7.0,0.0,0.0,0.0,0.0,6.278521424165844,105.9018852
25.0,5.5,7.6,6.8,0.0,0.0,0.0,0.0,5.990213765206329,79.52011846
21.0,5.1,7.7,7.9,0.0,0.0,0.0,0.0,5.363636832668679,42.75577385
25.0,5.0,7.55,9.4,0.0,0.0,0.0,0.0,5.934894195619588,75.35906678
24.5,3.9,7.05,14.0,0.0,0.0,0.0,0.0,6.199494460612144,98.15180602
24.5,5.0,7.45,7.0,0.0,0.0,0.0,0.0,6.066108090103747,85.73993545
24.5,8.15,8.3,5.15,6025.0,0.0,8.665785595466064,9.396902923027392,6.118097198041348,91.21976212
27.8,8.2,7.3,0.0,3900.0,0.4054651081081644,7.601402334583733,8.962007209588313,5.170483995038151,35.47180709
28.2,8.3,7.4,0.0,6500.0,0.4054651081081644,7.601402334583733,9.472781556562168,5.181783550292085,35.88973529
25.9,6.95,8.15,4.2,14350.0,0.9360933591703349,9.401043372798053,10.264687244346277,5.856503561673865,71.60266101
25.9,6.7,8.1,4.4,18375.0,0.9360933591703349,9.781376414141157,10.511920715155128,5.872117789475416,73.5438855
26.25,3.0,7.6,8.5,65250.0,1.1631508098056809,11.445727410406752,11.779136168550774,5.980150787207709,93.17270907
26.25,2.3,7.55,8.95,140500.0,1.208960345836975,11.763691965388299,12.546113507028412,5.998936561946683,100.3081522
26.25,2.3,8.05,9.3,57500.0,1.3480731482996928,11.042937835596494,11.652696102959753,6.251903883165888,113.0514312
26.25,1.9,7.55,10.1,74750.0,1.3737155789130306,11.603688960617083,11.915058360753719,6.268148865350222,121.8121061
26.25,4.1,8.05,4.95,18500.0,0.8544153281560676,10.090008612393838,10.518700218288165,5.976350909297934,82.13646841
26.25,4.45,8.05,4.3,13075.0,0.8544153281560676,9.761405420601672,10.171642709679686,5.954541193003384,79.40601982
23.5,6.95,7.95,4.55,3825.0,0.6151856390902334,8.566173813637858,8.942591637231851,5.954541193003384,77.58394288
23.5,7.05,7.95,4.55,3800.0,0.6151856390902334,8.507344855361422,8.936035096566041,5.940171252720432,76.45428995
26.5,8.25,8.3,2.85,1200.0,0.18232155679395465,7.0909098220799835,7.783640596221253,6.013715156042802,81.53956586
24.5,7.0,7.35,5.5,13975.0,0.0,9.599066156080049,10.238208256118535,5.746203190540153,64.65956949
23.5,7.55,7.55,4.3,11500.0,0.0,9.35452729228868,10.043292972227004,5.683579767338681,60.38151054
21.0,9.9,7.8,3.0,8525.0,0.4054651081081644,9.488047863280759,9.743964132018151,5.707110264748875,62.05189433
23.5,7.2,7.4,4.7,10350.0,0.0,8.942591637231851,9.937937287265354,7.158513997329321,255.82369
25.5,7.3,7.3,4.75,10575.0,0.0,9.174816815907135,9.959442464680574,5.739792912179234,63.46696053
25.0,8.7,7.75,1.9,9025.0,0.25851069515150105,9.059633754551479,9.800956363888462,5.6131281063880705,55.94340388
23.75,8.85,8.25,2.05,625.0,0.37156355643248307,5.860786223465865,7.1316985104669115,5.501258210544727,48.96968952
23.75,8.55,8.3,2.65,1425.0,0.33647223662121295,7.208600337960199,7.955425088912672,5.568344503761097,52.49819973
23.5,7.2,7.6,2.2,15200.0,0.22314355131420976,9.169622538697624,10.322230781590136,6.212606095751519,100.5934422
19.5,7.35,7.25,2.25,3975.0,0.18232155679395465,7.8826922062890254,8.981052985901483,6.13880638500591,92.45704224
25.5,7.1,7.65,3.8,41700.0,0.262364264467491,9.61587214452889,11.331415578682627,5.633002292595154,58.21066773
30.5,6.75,7.6,3.65,27250.0,0.18232155679395465,9.605822482030945,10.905974329106854,5.849324779946859,71.43701282
26.0,2.8,6.95,7.0,42750.0,0.5306282510621704,9.367429587218957,11.356283350762888,6.3377102955561755,114.3309968
26.0,3.0,7.2,5.0,41575.0,0.4700036292457356,9.337061124755339,11.328413511006964,5.531411248715415,52.2798854
25.0,2.2,7.2,16.4,42750.0,1.1474024528375417,10.23462415135353,11.356283350762888,6.538863151104813,142.1536776
25.0,2.55,7.2,16.3,45500.0,1.1151415906193203,10.389026137075234,11.418625774449598,6.53451531816871,142.2617787
24.5,8.25,8.0,1.6,40350.0,0.4382549309311553,9.35452729228868,11.298506245754995,5.4680601411351315,49.25695277
28.0,8.5,8.15,2.1,24525.0,0.4382549309311553,10.247112717290387,10.800615852145526,5.733341276897746,65.90611328
24.0,7.95,7.8,1.9,23675.0,0.22314355131420976,9.09279480812114,10.765343217715396,5.997695096858618,81.4674044
24.5,4.0,7.4,3.7,40825.0,0.3001045924503381,9.56282655529346,11.31020934572104,5.928258471204189,76.98386184
25.5,4.95,7.4,3.5,13850.0,0.22314355131420976,8.91811465947453,10.229223792606835,6.085637717125231,88.48941666
27.0,7.0,7.7,2.2,11075.0,0.3001045924503381,9.143238568435446,10.00563792118106,5.823045895483019,68.69932091
27.5,7.85,7.9,2.0,7275.0,0.3001045924503381,8.644882552557126,9.585414998760278,5.777652323222656,65.18804983
26.0,6.7,7.8,2.05,10500.0,0.37156355643248307,9.367429587218957,9.952325334619427,6.160151912626133,95.84093304
26.0,4.65,7.3,5.15,42750.0,0.5306282510621704,9.553291574695105,11.356283350762888,6.0390635259072605,85.79052087
26.5,7.6,7.5,1.2,0.0,0.0,0.0,0.0,0.0,0.524595241
26.5,9.0,7.7,2.75,3250.0,0.4382549309311553,8.229777750081887,8.77971129020447,5.671603576291966,58.52341146
28.0,8.3,7.7,2.45,6025.0,0.4700036292457356,8.740496729931813,9.396902923027392,5.643678550586496,57.30403722
28.0,9.0,7.85,2.45,4600.0,0.4054651081081644,8.403128235128264,9.127067452782361,6.050912005751402,85.13300221
26.0,7.35,7.7,3.7,41750.0,0.4382549309311553,9.34145634983372,11.332613886815139,6.509514015963292,135.2459612
26.5,8.6,7.9,2.55,9100.0,0.4382549309311553,8.847359875474174,9.809231816610408,5.86220971125072,71.08534051
27.25,8.6,7.85,2.35,3425.0,0.4382549309311553,7.8826922062890254,8.832149906002899,5.870708345972182,70.99909851
27.75,9.1,7.9,2.0,9075.0,0.4054651081081644,8.707978826622321,9.806480934593978,5.568344503761097,53.23755944
27.25,8.6,7.7,2.45,3375.0,0.4382549309311553,7.601402334583733,8.81744592104187,5.870708345972182,70.90275818
27.5,8.4,7.9,2.55,14175.0,0.4382549309311553,8.160803920954665,10.252417581902414,5.922918004572872,74.95347538
28.25,8.7,7.85,2.8,3825.0,0.4054651081081644,7.762596048540069,8.942591637231851,5.8763342398543505,71.37185983
27.5,4.1,7.7,3.65,229000.0,0.37156355643248307,11.947955847790901,13.034626646500051,6.178980920779041,120.0862826
28.5,2.25,7.8,3.8,225750.0,0.4382549309311553,11.922057176199344,13.02033286667615,6.170656210893009,118.6588326
26.75,8.35,7.95,2.8,3025.0,0.4382549309311553,8.071218539969863,8.707978826622321,5.840641657373398,69.01405218
27.0,6.95,7.7,3.6,44250.0,0.262364264467491,9.809231816610408,11.390769130367211,6.108135853911675,92.31895396
27.0,7.15,7.7,4.2,45250.0,0.262364264467491,10.740756721857226,11.413116179350727,6.304448802421981,115.7853381
27.5,6.95,7.7,3.65,226000.0,0.4054651081081644,12.433212202169729,13.021439671201302,6.035481432524756,121.6766298
28.5,6.4,7.6,2.2,10250.0,0.7654678421395714,8.881975184248867,9.928228944424575,8.135639903354386,676.8793442
27.0,6.5,7.4,2.55,11000.0,0.9745596399981308,9.169622538697624,9.99884318585288,7.1053758730652605,243.0152299
21.0,7.15,7.55,1.65,1165.0,0.9360933591703349,6.55250788703459,7.754052639035757,4.886582645426277,26.78439565
22.5,6.7,7.3,1.3,307.5,0.5877866649021191,5.203457085524077,6.423246963533519,5.0271645960474665,30.55869672
24.0,7.55,7.3,1.75,1255.0,0.8960880245566356,6.803505257608338,7.828436359157585,5.093750200806762,32.85422856
25.0,7.35,7.7,1.8,1275.0,0.9932517730102833,6.836259277277067,7.844240718141811,4.859812404361672,26.16597424
26.0,5.9,7.75,1.4,1255.0,0.7654678421395714,6.3133668704454555,7.828436359157585,4.919980925828125,27.58746229
27.0,7.8,7.9,1.55,1375.0,0.8960880245566356,6.836259277277067,7.919719760924575,4.8283137373023015,25.3646028
27.0,7.7,7.55,1.7,700.0,1.0986122886681098,6.246106765481563,7.244941546337007,4.820281565605037,25.14637631
24.5,7.8,7.5,1.75,880.0,0.9360933591703349,6.55250788703459,7.473637108496206,4.852030263919617,25.9219819
29.0,5.75,7.6,1.55,1400.0,0.7884573603642702,7.048386408721883,7.937731775260109,4.952299717083292,28.57688013
21.5,5.0,7.75,2.0,675.45,0.8754687373538999,6.13534841743656,7.20926628937036,4.886582645426277,26.69231607
23.0,7.55,7.6,1.6,1055.0,0.7654678421395714,6.621405651764134,7.65491704784832,4.672828834461906,21.72532056
25.5,6.8,7.05,1.95,950.0,0.832909122935104,6.803505257608338,7.550135342488429,3.970291913552122,11.06405569
22.0,4.75,7.35,3.65,2305.0,0.9932517730102833,7.215975002651466,8.436200032206706,5.241747015059643,38.09068821
24.5,6.95,7.35,1.35,450.0,1.0116009116784799,6.246106765481563,6.803505257608338,5.147494476813453,34.56946104
24.0,6.7,7.15,1.35,600.0,0.7178397931503169,6.406879986069314,7.0909098220799835,5.214935757608986,36.8789237
23.0,7.0,7.4,1.3,425.0,0.6931471805599453,5.802118375377063,6.7464121285733745,4.840242308167575,25.46941316
29.5,4.45,7.15,1.95,3590.0,0.8544153281560676,5.802118375377063,8.879193928110318,3.481240089335692,6.891313452
23.5,5.9,7.15,1.65,450.0,0.9932517730102833,6.246106765481563,6.803505257608338,5.120983351265121,33.6497934
23.0,7.4,7.4,2.05,790.0,0.8960880245566356,6.246106765481563,7.365812837209472,4.783316371371566,24.19832599
25.0,4.45,5.7,1.7,402.5,0.832909122935104,5.802118375377063,6.692083742506628,5.099866427824199,32.8191762
24.0,5.9,7.75,1.8,1057.5,0.8109302162163288,7.048386408721883,7.65728279297819,4.499809670330265,18.39914755
22.0,2.3,6.7,2.3,1400.0,0.9162907318741551,6.594413459749778,7.937731775260109,4.890349128221754,26.75441475
26.0,6.25,7.3,3.1,1150.0,1.33500106673234,6.836259277277067,7.741099090035366,4.848116364598481,25.98486231
29.0,5.3,7.3,2.05,950.0,0.9360933591703349,6.803505257608338,7.550135342488429,4.757891273005756,23.62447691
22.5,5.45,7.15,2.1,650.0,0.832909122935104,6.302618975744905,7.170888478512505,4.574710978503383,19.67666159
23.5,5.5,6.95,2.05,1225.0,0.7884573603642702,6.302618975744905,7.804251383528112,4.770684624465665,23.82123963
26.0,6.45,7.4,2.0,350.0,0.9360933591703349,6.284134161070802,6.55250788703459,5.01396308418893,30.3180352
23.5,6.5,7.15,1.0,302.5,0.7178397931503169,5.707110264748875,6.406879986069314,4.1588830833596715,13.07422703
27.0,7.3,7.55,2.1,875.0,0.7178397931503169,6.406879986069314,7.467942332285852,4.448516375942715,17.46242295
27.0,7.25,7.75,1.65,58.5,0.5007752879124893,3.8918202981106265,4.770684624465665,6.064947323867785,85.5655961
27.5,1.7,7.7,27.0,567.5,0.22314355131420976,5.173320876373351,7.035268599281097,7.64826303090192,416.0789422
27.5,6.75,7.95,7.55,190.0,0.6151856390902334,4.135166556742356,5.942799375126701,6.506531165131227,133.0976285
27.5,6.7,7.85,2.5,111.0,0.8109302162163288,4.182050142641207,5.407171771460119,6.541751239754887,137.6697825
27.5,7.6,7.25,0.85,23.75,0.18232155679395465,1.0647107369924282,3.8815637979434374,6.115892125483034,89.93232762
27.5,0.8,7.95,123.5,512.5,0.3293037471426004,5.906723318652891,6.933423025730715,7.731711399653496,456.1776881
28.0,7.3,8.0,1.85,135.0,0.5007752879124893,4.276666119016055,5.602118820879701,5.796057750765372,65.51098198
30.5,0.0,7.5,32.5,2850.0,0.3001045924503381,6.018593214496234,8.648396877031582,7.580954821732386,389.3172014
28.0,7.0,8.35,1.4,35.5,0.262364264467491,2.4423470353692043,4.276666119016055,5.5053315359323625,49.03345025
27.0,7.35,8.05,0.95,12.25,0.09531017980432487,1.3609765531356006,3.2386784521643803,5.930918047239948,74.80810591
20.4,7.4,7.8,1.55,21.5,0.6151856390902334,1.9315214116032138,3.784189633918261,5.652489180268651,56.78297677
18.6,7.45,7.75,1.6,23.75,0.6678293725756554,2.128231705849268,3.8815637979434374,7.155396301896734,253.8031526
23.0,6.85,7.85,1.8,25.75,0.37156355643248307,2.388762789235098,3.960813169597578,5.503296947234575,48.93551543
22.5,7.65,8.2,1.1,21.0,0.36810932156439546,1.0296194171811581,3.7612001156935624,5.511410582008745,49.33120149
22.5,7.5,8.2,1.3,19.75,0.6151856390902334,1.0296194171811581,3.7013019741124933,5.867883485336628,70.33998169
23.0,7.75,8.15,1.2,20.25,0.5007752879124893,1.0296194171811581,3.7256934272366524,5.750984076140496,62.60988459
20.25,7.7,7.8,1.45,21.5,0.5877866649021191,2.0014800002101243,3.784189633918261,5.560681631015528,51.83730326
25.0,8.4,8.0,1.65,158.5,1.1939224684724346,2.3978952727983707,5.762051382780177,6.840011626895618,185.4410995
23.0,7.45,8.3,1.0,22.0,0.5306282510621704,1.0296194171811581,3.8066624897703196,5.738183901373533,61.81056201
24.5,8.0,8.0,2.15,617.5,1.3123786781697224,3.2771447329921766,7.119635638017636,6.933423025730715,203.5918835
25.0,8.65,8.0,2.15,552.5,2.1972245773362196,4.04305126783455,7.00850518208228,5.808142489980444,67.02740877
22.5,7.1,8.25,1.1,20.75,0.6678293725756554,2.388762789235098,3.7495040759303713,5.702114417555504,59.65083017
22.5,7.35,8.2,1.2,21.75,0.5596157879354227,1.0296194171811581,3.7954891891721947,5.840641657373398,68.44322866
20.15,7.6,7.75,1.45,0.0,0.5877866649021191,1.0296194171811581,0.0,5.641907070938114,56.18380094
20.05,7.15,7.95,1.5,12.5,0.5306282510621704,1.589235205116581,3.258096538021482,7.343426229147367,306.1935707
18.6,7.5,7.75,1.6,19.5,0.5306282510621704,1.8562979903656263,3.6888794541139363,5.715381610499553,60.42765041
18.7,7.5,7.7,1.6,22.5,0.6418538861723948,2.186051276738094,3.828641396489095,5.786897381366708,64.89609231
25.5,7.5,7.75,1.6,22.0,0.4700036292457356,1.0296194171811581,3.8066624897703196,6.003887067106539,80.51133321
24.5,8.5,8.2,1.75,540.75,1.1786549963416462,3.5085558999826545,6.987028459876645,5.545177444479562,51.2431362
25.6,5.7,7.85,1.6,19.5,0.7419373447293773,2.388762789235098,3.6888794541139363,5.991464547107982,79.5219365
18.95,7.4,7.75,1.75,22.75,0.6678293725756554,2.0014800002101243,3.8394523125933104,5.869296913133774,70.44429218
19.05,7.0,7.65,2.0,20.5,0.6418538861723948,2.0014800002101243,3.7376696182833684,7.720017940432244,446.0660539
23.5,7.1,8.1,1.0,20.5,0.5877866649021191,1.0296194171811581,3.7376696182833684,5.82452409235233,67.34437142
28.0,6.95,7.85,0.37,28.0,0.10885440491208209,3.258096538021482,4.04305126783455,5.643678550586496,56.18119136
28.0,6.9,7.95,0.6,27.75,0.1397619423751587,3.1780538303479458,4.034240638152395,5.616771097666572,54.71131534
25.0,7.4,7.7,0.55,60.75,0.4054651081081644,2.772588722239781,4.808111029984782,5.659482215759621,57.11477523
28.0,6.75,7.9,0.7,35.0,0.0,3.332204510175204,4.2626798770413155,7.361057716504462,311.5451069
28.5,6.5,7.95,0.9,140.0,0.0,4.388257184424518,5.638354669333745,9.134862230800225,1834.54911
